{"velocity": [[0.05183627878423159, 0.6479534848028948], [0.1382300767579509, 0.0], [0.05183627878423159, 0.6479534848028948], [0.10367255756846318, 0.0], [0.1382300767579509, 0.0], [0.1382300767579509, 0.0], [0.10367255756846318, 0.0], [0.10367255756846318, 0.0], [0.10367255756846318, 0.0], [0.05183627878423159, -0.6479534848028948], [0.12095131716320703, 0.21598449493429828], [0.06911503837897545, 0.8639379797371931], [0.06911503837897545, -0.8639379797371931], [0.12095131716320703, 0.21598449493429828], [0.12095131716320703, -0.21598449493429828], [0.1382300767579509, 0.0], [0.1382300767579509, 0.0], [0.10367255756846318, 0.0], [0.10367255756846318, 0.0], [0.05183627878423159, -0.6479534848028948], [0.12095131716320703, 0.21598449493429828], [0.10367255756846318, 0.0], [0.10367255756846318, 0.0], [0.10367255756846318, 0.0], [0.10367255756846318, 0.0], [0.05183627878423159, -0.6479534848028948], [0.06911503837897545, 0.8639379797371931], [0.05183627878423159, -0.6479534848028948], [0.10367255756846318, 0.0], [0.10367255756846318, 0.0], [0.10367255756846318, 0.0], [0.12095131716320703, -0.21598449493429828], [0.1382300767579509, 0.0], [0.12095131716320703, -0.21598449493429828], [0.12095131716320703, 0.21598449493429828], [0.12095131716320703, -0.21598449493429828], [0.1382300767579509, 0.0], [0.1382300767579509, 0.0], [0.1382300767579509, 0.0], [0.1382300767579509, 0.0], [0.1382300767579509, 0.0], [0.1382300767579509, 0.0], [0.10367255756846318, 0.0], [0.12095131716320703, -0.21598449493429828]], "delta_time": 1, "init_pose": [-4, -3, 0.3490658503988659]}