{"velocity": [[0.1382300767579509, 0.0], [0.1382300767579509, 0.0], [0.06911503837897545, 0.43196898986859655], [0.06911503837897545, -0.43196898986859655], [0.06911503837897545, 0.43196898986859655], [0.06911503837897545, -0.43196898986859655], [0.06911503837897545, 0.43196898986859655], [0.06911503837897545, -0.43196898986859655], [0.1382300767579509, 0.0], [0.1382300767579509, 0.0], [0.1382300767579509, 0.0], [0.1382300767579509, 0.0], [0.1382300767579509, 0.0], [0.06911503837897545, -0.43196898986859655], [0.06911503837897545, 0.43196898986859655], [0.06911503837897545, -0.43196898986859655], [0.06911503837897545, 0.43196898986859655], [0.06911503837897545, -0.43196898986859655], [0.06911503837897545, 0.43196898986859655], [0.06911503837897545, -0.43196898986859655], [0.06911503837897545, 0.43196898986859655], [0.06911503837897545, -0.43196898986859655], [0.06911503837897545, 0.43196898986859655], [0.06911503837897545, -0.43196898986859655], [0.06911503837897545, 0.43196898986859655], [0.06911503837897545, -0.43196898986859655], [0.06911503837897545, 0.43196898986859655], [0.1382300767579509, 0.0]], "delta_time": 5, "init_pose": [-4, -3.5, 0.5235987755982988]}